the,32770
and,18259
ing,11228
her,7539
hat,7122
you,6834
his,6785
was,6602
tha,6122
ere,5925
for,5034
thi,4340
ver,4306
ent,3948
all,3873
out,3825
ter,3784
ith,3740
ght,3610
wit,3579
oul,3508
uld,3439
one,3156
had,3122
ome,3122
igh,3099
but,3059
hin,3014
him,2825
not,2817
hen,2806
eve,2717
our,2710
ear,2707
ave,2659
she,2595
ell,2580
ain,2490
ion,2398
hey,2396
ill,2311
und,2308
oun,2292
oth,2265
aid,2198
rea,2183
ted,2142
hou,2118
red,2115
cou,2081
com,2078
now,2051
ore,2037
own,2009
ood,1971
res,1969
man,1968
est,1961
nce,1959
whi,1946
ugh,1930
whe,1920
rou,1907
sai,1886
men,1873
sta,1841
hav,1830
ers,1826
see,1780
ess,1764
hea,1755
tio,1745
han,1720
ard,1713
wou,1707
are,1705
ove,1697
ate,1692
way,1670
een,1654
ive,1654
ead,1650
oug,1636
wer,1631
kin,1630
ind,1629
sho,1627
der,1625
int,1625
ook,1603
fro,1585
old,1584
str,1576
ble,1571
ned,1562
ste,1542
tin,1535
rom,1505
ust,1495
ast,1494
ant,1474
dow,1474
ous,1470
ide,1467
ong,1466
som,1461
ame,1447
ime,1447
ake,1428
ack,1414
ery,1409
any,1398
wha,1381
tle,1380
hol,1376
tte,1360
lon,1343
con,1336
don,1336
hem,1331
led,1324
art,1316
say,1314
nde,1313
mes,1312
eat,1296
ich,1274
use,1274
lin,1273
ace,1272
nte,1267
tur,1266
ine,1260
low,1252
wel,1252
hic,1242
mor,1242
ays,1225
per,1222
che,1219
who,1213
loo,1197
tim,1196
rin,1195
ree,1183
tho,1177
ati,1174
thr,1168
min,1161
ked,1153
tom,1142
too,1142
pon,1139
bou,1137
war,1136
wor,1125
lea,1115
pre,1115
sel,1115
tra,1113
can,1112
wil,1112
ade,1105
rie,1095
did,1087
abo,1080
end,1067
sed,1065
les,1063
hed,1060
how,1056
itt,1056
lit,1056
ile,1046
ten,1044
kno,1034
pro,1034
ttl,1031
ort,1030
got,1027
ure,1017
nin,1014
get,1003
upo,1003
sti,1000
sto,992
ike,991
ect,989
bee,975
cha,975
unt,963
ons,958
pla,954
ist,951
lik,950
eri,926
tch,918
rob,917
ett,916
lle,915
ose,912
son,912
uch,912
nes,906
nig,900
ran,899
lan,898
ied,892
har,887
goo,885
ord,882
day,874
tre,873
let,872
sid,867
uck,864
urn,861
ang,858
hei,858
elf,856
ins,855
rec,851
tan,847
eir,845
abl,842
eas,838
ppe,838
age,837
ven,833
gai,827
lme,827
bin,825
ger,822
til,822
nto,820
owe,818
tel,818
oke,817
ath,816
ful,814
ese,804
nge,804
tly,797
hes,796
rig,796
aga,793
enc,792
ick,792
sin,792
anc,790
din,790
bac,786
ded,785
ene,784
oin,783
olm,781
ret,779
llo,776
row,768
ish,767
off,767
att,766
den,765
dis,763
rne,762
las,758
ost,757
aft,756
ple,750
nly,747
ped,746
yes,744
ice,737
mar,736
nti,729
gre,725
hil,718
car,709
eep,709
eme,709
wen,708
fin,706
ass,703
win,703
spe,702
app,700
ire,700
ner,700
med,697
obi,697
air,695
rse,694
lac,692
cam,691
dea,690
fte,690
ite,690
sen,689
efo,687
tak,687
lly,685
sha,685
ink,682
arr,676
hoo,676
gra,674
ope,671
fac,661
par,661
sse,660
pen,657
uth,655
oll,653
hal,650
oor,646
bod,645
two,641
wat,640
mad,638
rat,633
ody,631
ach,629
tal,626
ssi,623
fel,622
fir,622
mon,617
cke,614
ely,613
hro,608
awa,604
ngs,604
nds,601
ien,599
orn,597
bef,588
jus,588
ged,584
ark,583
urs,579
wed,579
nev,577
ved,576
eck,574
roo,574
tic,573
ond,572
pos,572
bec,569
ise,569
tor,568
tri,568
rst,565
has,559
ung,557
lig,556
tai,556
pri,555
ntl,553
ull,552
fou,551
arn,549
mak,549
qui,546
nst,545
dre,542
sur,541
beg,539
bro,539
mus,539
ock,538
lat,536
ute,536
des,533
hor,533
act,531
rac,530
mil,529
tru,529
ces,527
alo,525
wan,524
eth,523
lad,523
ldn,523
lar,522
eed,521
rth,521
fri,520
iff,520
lie,519
cti,518
tro,518
aus,517
mis,516
hre,515
oss,515
ole,514
onl,513
cal,512
tar,512
roa,511
ies,507
chi,506
atc,504
rai,503
eet,502
arm,501
mse,501
oom,501
gin,499
mos,499
cau,498
ont,498
eac,497
inc,497
yin,495
bet,493
gge,493
new,490
idn,489
eal,487
ert,485
iou,485
tow,485
clo,484
ser,483
eye,482
irs,482
ars,481
giv,476
onc,476
ton,472
boy,471
shi,470
cle,469
suc,469
ber,466
ean,466
aro,465
hel,464
era,460
ren,460
iti,459
met,459
alk,456
lay,456
hap,455
pea,455
rds,455
cri,452
its,452
why,452
ims,451
ase,450
dle,450
eli,448
rte,446
bla,444
len,443
jim,442
ron,442
rem,441
woo,440
gla,439
nts,437
los,432
may,432
rif,431
mig,428
riv,428
eca,426
omp,424
oon,424
ses,424
rri,423
saw,422
ves,422
huc,421
hun,419
ris,417
cre,416
rni,416
dge,415
pin,415
bre,413
cur,413
ext,413
eem,412
imp,412
lli,411
ndo,411
vin,411
nat,408
sio,408
rde,407
ari,406
ndi,406
oot,406
put,406
sol,406
dly,405
exp,405
tol,405
run,404
tti,404
rta,403
arl,400
eav,399
ano,397
goi,397
rel,397
muc,395
rch,395
ady,394
swe,394
cor,393
hop,393
ete,388
ern,387
tat,387
die,385
rry,385
ank,384
ash,384
mat,384
ors,384
ool,382
mer,381
ows,381
gen,380
mea,380
ans,378
rep,378
que,377
ric,377
fee,376
sir,376
cro,375
ced,374
try,373
bel,372
gro,372
pas,372
tes,372
sit,371
stu,370
doo,369
eak,368
pec,366
set,366
bed,365
sca,364
nou,363
cas,362
ats,360
erv,360
fer,357
col,356
rro,356
lai,354
ity,353
lve,352
gan,350
ega,348
lor,348
ros,348
cer,346
hur,346
dee,345
foo,345
lic,345
rit,345
bri,344
kne,344
oub,344
yth,344
cat,342
eel,342
hos,342
tea,342
dde,341
wee,341
ape,339
ask,338
bus,338
fai,338
ken,338
orr,338
sou,338
ban,337
rge,337
lla,336
nea,334
tab,333
hai,332
ife,332
kee,331
ral,331
iss,330
aug,329
ary,325
fre,325
nne,325
oat,325
ens,324
ail,323
ann,323
rag,323
dar,322
rop,322
oad,321
ily,320
uri,320
rre,319
orm,318
opp,317
far,316
ffe,316
ina,316
sor,316
wal,316
ece,314
ele,313
lde,313
lis,313
ork,312
sec,312
hee,311
sig,311
cho,310
eno,310
nor,310
bea,309
nal,309
rly,309
ale,308
eam,308
fol,308
eco,307
blo,305
dro,305
ott,304
eld,303
inu,303
spo,303
ubl,303
hom,302
ngl,302
ica,301
ema,300
err,300
gon,299
ept,296
ntr,296
wea,295
ler,294
urt,294
bli,293
mou,293
pan,292
sat,292
bes,291
rio,291
rus,291
ney,289
omi,289
cko,288
ami,287
cla,287
kon,287
lef,287
nsi,287
soo,287
ibl,286
ild,286
reg,286
cra,285
ote,285
loc,283
mpl,283
sma,283
ush,283
cen,281
eft,281
eng,281
ier,281
nis,281
sle,281
arc,280
ket,280
lou,280
ria,280
sil,278
hit,277
scr,277
won,277
ait,276
ein,276
fas,275
law,275
tie,274
usi,273
als,272
rad,270
ref,270
bot,269
fea,269
ndl,269
igg,268
wis,268
spi,267
fic,266
ift,266
pat,265
cte,264
oti,264
ffi,263
liv,262
urr,262
yet,262
ini,261
nex,261
ues,261
nam,259
nch,259
unc,259
lif,258
aun,257
gar,257
pap,257
rew,256
acc,255
alf,255
ker,255
lee,255
lwa,255
mpa,255
oes,255
rti,255
sco,255
uff,255
gle,254
top,253
alw,252
arg,252
els,252
fie,251
hot,251
nut,251
rve,251
ybo,251
eni,250
oli,250
pic,250
alt,249
boo,248
mal,248
flo,247
poo,247
por,247
vil,247
mbe,246
rot,245
cap,244
exc,244
mai,244
twe,243
ani,241
beh,241
pra,241
udd,241
dra,240
elt,240
nee,240
san,240
ali,239
ges,239
inn,239
lot,239
wai,239
fig,238
lem,238
mas,238
mid,238
umb,238
tso,237
ula,237
amo,236
boa,236
edi,236
oma,236
tiv,236
bra,235
etc,235
ign,235
mom,235
rid,235
exa,234
ske,234
bur,233
isi,233
apt,232
evi,231
rce,231
pie,230
fle,229
qua,229
cks,228
poi,228
rab,228
rim,227
tty,227
nni,226
ane,225
esi,225
ian,225
lau,225
ras,225
vel,225
bar,224
eer,224
erc,224
nse,224
oar,223
amp,222
elp,222
eti,222
atu,221
bit,221
hir,221
spr,221
cul,220
tir,220
joh,219
ory,219
oys,219
sea,219
thu,218
eop,217
opl,217
raw,217
isc,216
kni,216
peo,216
sli,216
ben,215
ehi,215
ohn,215
uar,215
egi,214
esp,214
ham,214
wid,214
dou,213
pli,213
oic,212
oud,212
emb,211
voi,211
nta,210
ili,209
ldi,209
mit,209
sib,209
bor,208
aki,207
ici,207
nyt,207
owa,207
emp,206
erl,206
tis,206
dri,205
mme,205
stl,205
tep,204
bei,203
leg,203
pol,203
sam,203
efu,202
fra,202
ray,202
ump,202
irl,201
mys,201
udg,201
erf,200
ial,200
lam,200
aye,199
ckl,199
mbl,199
yer,199
ddl,198
ize,198
uit,198
utt,198
arp,197
avi,197
gun,197
rty,197
smo,197
ult,197
wom,197
cto,196
eek,196
sun,196
hid,195
gat,194
kil,194
ski,194
sup,194
omm,193
iev,192
mpe,192
osi,192
ual,192
yea,192
sud,191
elo,190
rwa,190
sly,190
ets,189
kes,189
mov,189
ppo,189
pai,188
smi,188
uke,188
ayi,187
fat,187
lia,187
add,186
fla,186
iar,186
lip,186
oki,186
org,186
pet,186
xpe,186
tou,185
duk,184
orl,184
rev,184
ods,183
ram,183
tem,183
uti,183
sch,182
ara,181
rap,181
ruc,181
ees,180
spa,180
urd,180
yed,180
bow,179
dif,179
hig,179
blu,178
ict,178
mot,178
nci,178
dir,177
elv,177
hte,177
ipp,177
owi,177
sla,177
ivi,176
rav,176
rip,176
tee,176
adv,175
rms,175
asi,174
fur,174
raf,174
upp,174
agg,173
lue,173
mag,173
vis,173
agi,172
cov,172
mur,172
ona,172
alm,171
rso,171
van,171
jec,170
ngi,170
rov,170
acr,169
cco,169
clu,169
few,169
ril,169
nsw,168
pte,168
rod,168
bat,167
esc,167
lso,167
zed,167
idd,166
mem,166
unk,166
etu,165
joe,165
nit,165
oge,165
ori,165
owl,165
cei,164
gue,164
ryi,164
sav,164
irt,162
ita,162
kle,162
nty,162
dan,161
erm,161
oft,161
rok,161
big,160
loa,160
nob,160
orw,160
rme,160
roc,160
une,160
iri,159
lag,159
lls,159
olo,159
sev,159
adi,158
cin,158
non,158
pee,158
ugg,158
eiv,157
lid,157
onf,157
rke,157
rld,157
tog,157
iet,156
mpo,156
oni,156
pir,156
sts,156
vid,156
epl,155
jud,155
eig,154
epa,154
inf,154
lse,154
ude,154
cus,153
enl,153
hus,153
usl,153
bbe,152
ima,152
isp,152
pur,152
ssa,152
yse,152
gav,151
ido,151
aff,150
bad,150
iso,150
rib,150
rle,150
uic,150
urp,150
ctl,149
ncl,149
lov,147
pal,147
rut,147
slo,147
cky,146
cli,146
lim,146
pit,146
uns,146
cio,145
del,145
fet,145
sum,145
ura,144
utl,144
ago,143
aps,143
doe,143
ndr,143
ume,143
bly,142
ctu,142
dog,142
gri,142
mok,142
sis,142
wri,142
egu,141
gir,141
aze,140
occ,140
vic,140
ads,139
bil,139
mpt,139
nec,139
cit,138
eit,138
pot,138
hts,137
hty,137
iga,137
luc,137
yon,137
asy,136
chu,136
dec,136
duc,136
fiv,136
nda,136
tud,136
ubt,136
etw,135
hon,135
ryb,135
swi,135
swo,135
tif,135
nve,134
ora,134
tun,134
eci,133
icu,133
lec,133
nif,133
ryt,133
sna,133
ais,132
nco,132
rts,132
tla,132
twi,132
urc,132
yeh,132
fal,131
iec,131
iel,131
ouc,131
pac,131
rmi,131
bul,130
ems,130
fes,130
gli,130
ley,130
ppi,130
pul,130
tay,130
unn,130
cia,129
doc,129
emo,129
fec,129
itc,129
nic,129
sic,129
val,129
fam,128
lte,128
lum,128
oop,128
aut,127
ccu,127
dat,127
gim,127
nel,127
ode,127
rdl,127
rtu,127
tex,127
yar,127
idi,126
nar,126
rof,126
ayb,125
kep,125
squ,125
wro,125
afe,124
eff,124
ero,124
lke,124
lun,124
rol,124
ama,123
equ,123
pok,123
edg,121
hum,121
mel,121
nju,121
sal,121
aig,120
bis,120
dev,120
ecr,120
ela,120
uni,120
xpl,120
ybe,120
abb,119
aws,119
dit,119
ntu,119
rlo,119
tac,119
cry,118
git,118
inv,118
nke,118
pow,118
six,118
tag,118
uee,118
glo,117
ils,117
ngt,117
nno,117
obs,117
sso,117
wif,117
gly,116
ifi,116
usa,116
aso,115
fil,115
hip,115
nyb,115
rpe,115
shu,115
uts,115
awn,114
coa,114
erg,114
lus,114
ply,114
rdi,114
sce,114
yel,114
cid,113
inj,113
nki,113
obo,113
uir,113
abs,112
awy,112
nfo,112
ngu,112
rue,112
sty,112
wye,112
amb,111
dol,111
egg,111
epe,111
inl,111
pti,111
ief,110
nks,110
ois,110
onv,110
tit,110
wev,110
quo,109
ths,109
thy,109
cce,108
det,108
ecu,108
isf,108
obl,108
oup,108
rra,108
ued,108
cut,107
ech,107
erd,107
gol,107
ird,107
moo,107
nan,107
orc,107
rey,107
cel,106
isa,106
lki,106
ngr,106
ono,106
owd,106
pou,106
adn,105
etr,105
ews,105
plo,105
xam,105
god,104
iva,104
log,104
nth,104
oan,104
rer,104
rpr,104
wfu,104
ala,103
dic,103
erw,103
fix,103
ghe,103
gui,103
imi,103
olu,103
uct,103
uot,103
cav,102
dal,102
ena,102
esh,102
hie,102
ilt,102
lut,102
sus,102
ppr,101
abi,100
bse,100
gal,100
imm,100
oct,100
oos,100
ots,100
spl,100
swa,100
coo,99
fis,99
isl,99
nqu,99
ovi,99
uie,99
adm,98
eap,98
epi,98
fli,98
gul,98
nyw,98
oks,98
una,98
xed,98
cki,97
ewa,97
gha,97
ilv,97
noi,97
opi,97
rva,97
tig,97
uil,97
alr,96
dep,96
fen,96
ira,96
nei,96
rum,96
tuc,96
cie,95
dia,95
dig,95
fit,95
gni,95
irc,95
jun,95
lop,95
tto,95
aci,94
cab,94
dmi,94
phe,94
avo,93
cir,93
eta,93
hov,93
rks,93
sap,93
sci,93
awf,92
ede,92
erh,92
ips,92
jes,92
oce,92
xce,92
def,91
hri,91
nsc,91
pil,91
rfe,91
sim,91
suf,91
bal,90
box,90
doi,90
joy,90
obb,90
bag,89
hut,89
itu,89
omf,89
rda,89
aim,88
dam,88
lth,88
pse,88
sag,88
sof,88
vol,88
xac,88
asp,87
bol,87
dru,87
dur,87
eso,87
lre,87
mfo,87
scu,87
ana,86
odi,86
saf,86
cru,85
imb,85
key,85
mpr,85
nio,85
ogs,85
rma,85
ado,84
ggl,84
jac,84
noo,84
rvi,84
tum,84
ubb,84
vat,84
dve,83
oje,83
rug,83
dey,82
emi,82
hti,82
nvi,82
pay,82
fun,81
gga,81
ifl,81
mee,81
nem,81
nsp,81
pki,81
roj,81
shm,81
sub,81
uss,81
egr,80
flu,80
het,80
irr,80
lmo,80
ngh,80
nle,80
ppl,80
twa,80
upl,80
asu,79
sei,79
sua,79
ucc,79
vio,79
ywa,79
apo,78
bov,78
cee,78
cts,78
cum,78
dne,78
eiz,78
epp,78
esu,78
hio,78
lap,78
mra,78
omr,78
poc,78
rna,78
ssu,78
sui,78
tli,78
zin,78
akf,77
fid,77
isk,77
ixe,77
joi,77
kfa,77
mps,77
opk,77
oya,77
plu,77
rfu,77
shr,77
cep,76
nue,76
nwo,76
oba,76
pub,76
rpo,76
sul,76
tec,76
vie,76
agr,75
cea,75
eds,75
efe,75
eps,75
iat,75
noc,75
olv,75
rcu,75
afr,74
ffo,74
gth,74
idl,74
igu,74
lev,74
nie,74
tua,74
udy,74
ams,73
api,73
awl,73
bab,73
bje,73
dem,73
eau,73
ebo,73
fif,73
jum,73
mmi,73
rha,73
umm,73
wic,73
yal,73
aud,72
eec,72
gua,72
lti,72
mac,72
siv,72
uis,72
usp,72
dom,71
dus,71
eon,71
fan,71
gur,71
inq,71
meb,71
nfe,71
ofe,71
pes,71
tne,71
wak,71
wne,71
wre,71
edl,70
hak,70
kel,70
nfi,70
ror,70
rto,70
tut,70
wle,70
cow,69
lyi,69
oak,69
rsi,69
rtl,69
udi,69
unl,69
urg,69
ddi,68
ipe,68
noe,68
num,68
oac,68
oof,68
rgo,68
roy,68
yst,68
buc,67
eor,67
lty,67
mma,67
mrs,67
odl,67
pel,67
ppy,67
tse,67
tsi,67
ury,67
xpr,67
asc,66
asn,66
enw,66
ipt,66
kly,66
mmo,66
sky,66
usu,66
vag,66
wly,66
xci,66
eks,65
iew,65
lks,65
rog,65
sda,65
var,65
ava,64
dva,64
gag,64
phi,64
sar,64
vou,64
ety,63
ffa,63
idg,63
ila,63
ito,63
nak,63
odu,63
olk,63
pid,63
sad,63
wag,63
cyc,62
dso,62
geo,62
haf,62
ige,62
ism,62
jam,62
laz,62
lur,62
mew,62
nay,62
rub,62
rwo,62
tta,62
ycl,62
aul,61
bey,61
cot,61
eag,61
ftl,61
pus,61
rru,61
sug,61
uen,61
uls,61
adl,60
bru,60
cup,60
epr,60
evo,60
ifu,60
iro,60
lio,60
rgi,60
hru,59
lew,59
mst,59
nfu,59
uce,59
utc,59
asl,58
cta,58
egs,58
emy,58
ida,58
kab,58
lab,58
maz,58
mir,58
nos,58
rli,58
rls,58
uds,58
ehe,57
kis,57
nap,57
tia,57
vey,57
bbi,56
cca,56
dor,56
eho,56
ggi,56
nab,56
oil,56
onn,56
pau,56
sba,56
unf,56
usb,56
wyn,56
bon,55
bso,55
cop,55
ewh,55
hme,55
htn,55
iag,55
aph,54
awe,54
emn,54
fus,54
gaz,54
gut,54
jan,54
ndu,54
net,54
nga,54
odd,54
rka,54
thl,54
tni,54
ule,54
arv,53
erb,53
esd,53
hau,53
hoe,53
ibe,53
igi,53
pag,53
pip,53
pta,53
riz,53
rns,53
tfu,53
zen,53
ahe,52
enn,52
gil,52
gry,52
mul,52
nsa,52
nsu,52
obe,52
rki,52
avy,51
eou,51
gel,51
goe,51
ldr,51
lud,51
ops,51
sfi,51
tau,51
uin,51
url,51
vit,51
azi,50
ebe,50
enr,50
etl,50
eto,50
fly,50
nkl,50
obj,50
ols,50
orp,50
rbe,50
rfo,50
sem,50
ada,49
dai,49
ewe,49
ghb,49
gwy,49
hle,49
hma,49
iam,49
rei,49
yne,49
agu,48
alu,48
bas,48
enb,48
eut,48
gna,48
hac,48
ieu,48
irm,48
llu,48
oly,48
ptu,48
rno,48
rui,48
taf,48
tas,48
ums,48
apa,47
cof,47
dil,47
edd,47
efi,47
erp,47
ghi,47
ibi,47
jou,47
pis,47
rmy,47
sac,47
wav,47
ayl,46
bbl,46
bir,46
dau,46
eom,46
gam,46
gst,46
icy,46
ldl,46
mbo,46
nct,46
nli,46
odg,46
ogg,46
ogr,46
oms,46
ony,46
reh,46
tme,46
upe,46
wes,46
yeo,46
atr,45
edr,45
ege,45
fts,45
hug,45
kit,45
lds,45
maj,45
mly,45
mpu,45
pun,45
req,45
rud,45
uma,45
urb,45
urv,45
wli,45
ags,44
anx,44
asa,44
bui,44
dfu,44
dim,44
dli,44
eei,44
epo,44
ids,44
ilk,44
kwa,44
mut,44
nag,44
nbe,44
nim,44
nny,44
nry,44
nso,44
pad,44
rla,44
rsu,44
soa,44
ugl,44
arb,43
bic,43
bun,43
cig,43
cos,43
dab,43
eaf,43
eph,43
exi,43
ffl,43
gto,43
ino,43
itn,43
lto,43
nxi,43
rdo,43
upi,43
vem,43
yli,43
anl,42
dst,42
exe,42
fty,42
lep,42
meo,42
oro,42
rmo,42
sak,42
sie,42
sne,42
soc,42
sue,42
toe,42
uat,42
vor,42
xcl,42
ald,41
cip,41
div,41
edy,41
epu,41
fed,41
hly,41
hud,41
kif,41
leb,41
mne,41
ncy,41
oam,41
ocu,41
rup,41
sfa,41
amm,40
hbo,40
jur,40
lda,40
lod,40
ndy,40
nha,40
orb,40
oze,40
ppa,40
sob,40
spu,40
sym,40
tef,40
ups,40
xtr,40
aje,39
bug,39
dul,39
edu,39
kli,39
mie,39
oas,39
osp,39
scl,39
sme,39
tew,39
uli,39
uou,39
ymp,39
abr,38
cis,38
cog,38
dua,38
hab,38
ium,38
ixt,38
lex,38
mum,38
nyo,38
odf,38
omb,38
pto,38
rsh,38
uta,38
wei,38
ywh,38
dni,37
doz,37
eyo,37
heo,37
loy,37
naw,37
opy,37
pha,37
sep,37
uty,37
zem,37
adf,36
ato,36
dac,36
dfr,36
env,36
eur,36
gas,36
gru,36
ilo,36
iol,36
liz,36
lne,36
mpi,36
ncr,36
nen,36
nia,36
nwh,36
oci,36
ogn,36
owh,36
tam,36
wig,36
amn,35
anw,35
awi,35
axe,35
das,35
doa,35
dry,35
dum,35
hfu,35
htl,35
ibu,35
isg,35
lsi,35
nac,35
olt,35
oph,35
raz,35
sno,35
uel,35
usy,35
wam,35
wuz,35
buy,34
chr,34
dio,34
edn,34
elc,34
esk,34
haw,34
hiv,34
jis,34
job,34
lco,34
mod,34
mud,34
mun,34
nfa,34
pty,34
rau,34
rgu,34
rik,34
rpl,34
rps,34
swu,34
uge,34
uid,34
uiv,34
upt,34
xte,34
yle,34
cef,33
cil,33
ecl,33
exh,33
eys,33
fav,33
gho,33
gio,33
gns,33
htf,33
lpe,33
nfl,33
oye,33
rci,33
seq,33
tev,33
tuf,33
ata,32
due,32
eez,32
gay,32
iny,32
muf,32
oto,32
tip,32
toc,32
utu,32
vas,32
wun,32
xio,32
bid,31
efl,31
ewi,31
fau,31
fog,31
gor,31
rkn,31
tob,31
upr,31
wet,31
wns,31
abe,30
awk,30
bak,30
cem,30
cub,30
dut,30
eze,30
iab,30
mbr,30
meh,30
moa,30
mph,30
oid,30
ola,30
rmu,30
rul,30
ssl,30
ubi,30
uro,30
yri,30
bte,29
deb,29
fti,29
gos,29
hog,29
ico,29
jok,29
mix,29
nkn,29
nus,29
ofi,29
rar,29
reu,29
tav,29
thf,29
uca,29
umo,29
yho,29
awh,28
bbo,28
bst,28
ctr,28
cue,28
ebr,28
emm,28
iii,28
ntm,28
nwa,28
oky,28
rdy,28
rgl,28
sia,28
tos,28
urm,28
usk,28
vet,28
wde,28
xer,28
zzl,28
azy,27
dvi,27
fia,27
ify,27
ipl,27
lib,27
lst,27
mso,27
niv,27
nod,27
pme,27
rco,27
reb,27
sau,27
sip,27
unu,27
uzz,27
wep,27
wra,27
yie,27
zes,27
alc,26
bob,26
dyi,26
gem,26
gme,26
gow,26
hep,26
lav,26
lsh,26
lts,26
odn,26
oln,26
rbl,26
rcl,26
rho,26
thw,26
tue,26
unh,26
vai,26
wim,26
xch,26
ysi,26
aba,25
adu,25
amu,25
bud,25
cfa,25
coc,25
gum,25
hod,25
itl,25
lub,25
mcf,25
niz,25
oca,25
reo,25
wnd,25
xts,25
zle,25
aca,24
acl,24
aks,24
chm,24
ckw,24
ddr,24
elm,24
enu,24
erk,24
fev,24
gau,24
gus,24
guy,24
iry,24
jer,24
jon,24
ofo,24
opm,24
rbi,24
rca,24
rvo,24
sas,24
uly,24
yme,24
acu,23
ayt,23
bos,23
cai,23
ckn,23
ddy,23
dod,23
dun,23
eba,23
eke,23
enj,23
fut,23
gne,23
gov,23
hec,23
ior,23
ipa,23
jaw,23
lbo,23
lpi,23
mbi,23
nlo,23
nyh,23
phy,23
pom,23
rcy,23
sew,23
tid,23
tul,23
ulp,23
umn,23
vig,23
vot,23
wir,23
wkw,23
wok,23
xxi,23
xxx,23
agn,22
asm,22
atl,22
awd,22
eva,22
ggs,22
gic,22
gwa,22
kar,22
lbe,22
lta,22
nai,22
njo,22
nuf,22
ofs,22
ogi,22
oso,22
pop,22
rbo,22
rgy,22
riu,22
ruf,22
sgu,22
tmo,22
ubs,22
usc,22
vac,22
xis,22
yti,22
aco,21
acq,21
aor,21
bvi,21
cqu,21
cun,21
efr,21
esl,21
eup,21
gad,21
ghl,21
hne,21
hra,21
hwa,21
icl,21
ics,21
igw,21
iki,21
kas,21
kip,21
lps,21
mol,21
nsh,21
obv,21
oev,21
opo,21
orf,21
rao,21
rej,21
rml,21
siz,21
slu,21
snu,21
stn,21
tap,21
tma,21
tst,21
ubj,21
uer,21
acy,20
bba,20
bsu,20
cci,20
cuf,20
dag,20
dah,20
daw,20
dlo,20
edo,20
ejo,20
elb,20
gap,20
hay,20
hux,20
ilb,20
iot,20
lcu,20
lph,20
mic,20
nca,20
ngd,20
nna,20
nua,20
pik,20
rba,20
teo,20
tot,20
tup,20
tyl,20
uxt,20
vii,20
xpo,20
xta,20
xvi,20
auc,19
bog,19
cuz,19
ebl,19
esq,19
gdo,19
hif,19
jin,19
kic,19
kso,19
leo,19
lge,19
lln,19
mmu,19
neg,19
ota,19
oui,19
pab,19
pew,19
pho,19
rtn,19
sbu,19
sfu,19
shn,19
ssf,19
tuo,19
vea,19
wad,19
wax,19
abu,18
amy,18
anq,18
atm,18
deg,18
elu,18
eny,18
esa,18
ffs,18
gie,18
gis,18
hoi,18
hok,18
iqu,18
izi,18
jai,18
jul,18
lch,18
ldo,18
lug,18
mba,18
mob,18
otl,18
pup,18
rnf,18
sek,18
sku,18
sop,18
unp,18
unr,18
vul,18
xas,18
xcu,18
xii,18
arf,17
cad,17
cka,17
coi,17
cud,17
dug,17
dwe,17
eeb,17
gaw,17
gea,17
gia,17
gno,17
hoc,17
hys,17
ibb,17
ilu,17
iml,17
ios,17
izz,17
mbs,17
nas,17
oal,17
obt,17
oed,17
oit,17
rhe,17
uga,17
umi,17
urk,17
utr,17
xes,17
xha,17
xie,17
aby,16
atf,16
bib,16
bsc,16
dad,16
deo,16
dib,16
dot,16
dsh,16
eef,16
eev,16
fad,16
foe,16
gew,16
hag,16
hew,16
igo,16
kir,16
kul,16
loi,16
lua,16
ndf,16
nfr,16
nme,16
nol,16
oaf,16
omy,16
opu,16
pud,16
puz,16
pyr,16
rbu,16
rga,16
ryw,16
sef,16
shl,16
tib,16
uab,16
unb,16
unw,16
wni,16
yaw,16
yeb,16
agm,15
alp,15
awo,15
bdu,15
bta,15
btl,15
diu,15
dwa,15
eah,15
eha,15
hib,15
hoa,15
hwi,15
ias,15
ilc,15
inh,15
iza,15
jol,15
lfi,15
luf,15
mle,15
npl,15
ocl,15
odo,15
onk,15
pru,15
sah,15
sfo,15
sht,15
sks,15
udl,15
ugu,15
via,15
awr,14
bby,14
cob,14
dew,14
dgm,14
doy,14
enz,14
gid,14
hul,14
lfu,14
lml,14
lof,14
lpl,14
mni,14
nau,14
nvu,14
oyl,14
pst,14
pth,14
pwa,14
rah,14
rsa,14
rwi,14
sbo,14
stw,14
thd,14
tub,14
tug,14
tyr,14
uln,14
upw,14
vei,14
vir,14
xhi,14
adg,13
aly,13
anu,13
apl,13
civ,13
cni,13
dgi,13
dla,13
eab,13
eki,13
exu,13
fum,13
ghs,13
gma,13
hdr,13
hob,13
hym,13
ibr,13
ibs,13
icn,13
ilg,13
inw,13
iod,13
itz,13
kna,13
liq,13
nav,13
nba,13
ndn,13
ngo,13
nka,13
nom,13
nva,13
nvo,13
onw,13
osh,13
owf,13
owm,13
oyf,13
pum,13
rnl,13
seb,13
sod,13
tax,13
tiz,13
uai,13
ulg,13
unm,13
vab,13
woe,13
xin,13
xul,13
xxv,13
yew,13
yfu,13
yit,13
yma,13
ype,13
adw,12
apr,12
ayh,12
bay,12
bep,12
bye,12
dke,12
dwi,12
ebt,12
eil,12
esn,12
fon,12
gsi,12
heq,12
hiz,12
hyp,12
ilf,12
isb,12
jew,12
jov,12
jug,12
khe,12
loq,12
lry,12
mbu,12
ndk,12
ogu,12
olp,12
oqu,12
otc,12
otm,12
oxe,12
poe,12
puf,12
rtr,12
rys,12
sab,12
seh,12
tfi,12
ulo,12
urf,12
usn,12
utm,12
viv,12
yha,12
ymn,12
yno,12
yra,12
afi,11
arw,11
aym,11
cif,11
daz,11
dma,11
eda,11
eja,11
eje,11
emu,11
eov,11
epy,11
esm,11
eya,11
fto,11
ghw,11
hnn,11
hue,11
ius,11
jee,11
jef,11
kfu,11
lyn,11
ndb,11
nil,11
nkf,11
nvy,11
oko,11
opt,11
osa,11
osc,11
ovm,11
peg,11
rsb,11
soi,11
sph,11
tus,11
uak,11
ubm,11
uci,11
ulk,11
upb,11
vad,11
vme,11
voy,11
wip,11
wls,11
wol,11
wow,11
yag,11
ync,11
yre,11
bew,10
bmi,10
bum,10
cet,10
cst,10
cuo,10
cyr,10
dds,10
dip,10
dsc,10
ecs,10
eeg,10
efa,10
egl,10
enh,10
eus,10
eyn,10
fei,10
fru,10
gab,10
gou,10
hah,10
hia,10
ifo,10
ipi,10
isd,10
jea,10
kma,10
kou,10
lfr,10
lir,10
lym,10
mmy,10
moc,10
nhe,10
nre,10
nug,10
nur,10
nzy,10
oax,10
ocr,10
oet,10
pbo,10
pig,10
psc,10
rnt,10
spy,10
stm,10
tfo,10
toi,10
ttr,10
uag,10
ubd,10
uto,10
wix,10
xit,10
xpa,10
bai,9
boi,9
buf,9
cak,9
cim,9
dav,9
dfa,9
dup,9
ebb,9
fug,9
fyi,9
gee,9
ggr,9
gig,9
goa,9
gsh,9
hby,9
hef,9
idu,9
ilm,9
iph,9
isn,9
isu,9
lho,9
lma,9
lms,9
nef,9
ngm,9
nho,9
nip,9
nmo,9
nov,9
nui,9
odp,9
omo,9
onj,9
osu,9
oww,9
oxf,9
oyi,9
rfa,9
rnh,9
roi,9
rtm,9
rwh,9
sgr,9
ssn,9
ssy,9
stf,9
tca,9
teh,9
uad,9
ube,9
umu,9
urh,9
vow,9
wme,9
wos,9
wwo,9
xfo,9
xiv,9
xty,9
afa,8
aka,8
amr,8
aur,8
ayn,8
bts,8
ckh,8
dba,8
dof,8
efs,8
eis,8
elr,8
eyi,8
ffr,8
ffy,8
hev,8
hli,8
huf,8
imn,8
imo,8
irk,8
jab,8
kan,8
kem,8
lei,8
lky,8
lmi,8
lom,8
lyz,8
map,8
mna,8
msh,8
nud,8
nuo,8
ofa,8
ogl,8
ohi,8
oho,8
olh,8
ooi,8
oru,8
oty,8
owb,8
oym,8
pey,8
phr,8
pso,8
rak,8
rdn,8
rfi,8
roe,8
sex,8
shy,8
sif,8
ska,8
svi,8
tok,8
txt,8
tyi,8
uet,8
umf,8
vex,8
voc,8
wry,8
wsi,8
wsy,8
xan,8
zoo,8
zzi,8
adr,7
akn,7
aky,7
bne,7
cac,7
chl,7
ckb,7
ckt,7
dej,7
dex,7
dhe,7
dna,7
dob,7
dpi,7
dth,7
dwo,7
ebs,7
ecc,7
ecy,7
eud,7
ewd,7
feu,7
ffn,7
ftp,7
ftw,7
ghr,7
gif,7
gym,7
haz,7
iek,7
inm,7
ivy,7
kea,7
kew,7
kid,7
lak,7
leh,7
lul,7
mec,7
noh,7
noy,7
nra,7
nuc,7
onp,7
opr,7
ovo,7
oxl,7
oyo,7
paw,7
pio,7
ptl,7
puc,7
rfl,7
rkm,7
roz,7
rym,7
skl,7
smu,7
sni,7
soe,7
sov,7
tfa,7
tmi,7
toa,7
typ,7
uan,7
uda,7
uea,7
uip,7
wbe,7
wdu,7
web,7
wiv,7
wny,7
wsh,7
wsp,7
wum,7
xle,7
xon,7
yor,7
yox,7
yut,7
yze,7
zar,7
abn,6
adj,6
adt,6
agl,6
ajo,6
aos,6
aru,6
awb,6
ayo,6
baw,6
buz,6
bys,6
caf,6
dap,6
deu,6
dsm,6
eby,6
ego,6
eid,6
elw,6
eof,6
eow,6
eru,6
eub,6
eum,6
ewn,6
ewo,6
ewt,6
fry,6
giz,6
hao,6
htw,6
huh,6
ibc,6
ihi,6
ipm,6
iuc,6
ivo,6
izo,6
jak,6
jor,6
jos,6
jub,6
kca,6
kie,6
kyh,6
kyl,6
lil,6
ltr,6
luz,6
lwy,6
lyp,6
mam,6
moi,6
nbu,6
ndm,6
ndw,6
neo,6
ngy,6
nih,6
nje,6
npr,6
nri,6
nro,6
nsb,6
nsf,6
nsl,6
nsm,6
ntf,6
nun,6
oco,6
ogy,6
okc,6
opa,6
orh,6
owt,6
psa,6
rkl,6
rnm,6
rsd,6
rsp,6
sey,6
sfy,6
syc,6
syd,6
sys,6
tco,6
teu,6
tod,6
tov,6
tsm,6
tzo,6
uav,6
ucy,6
uef,6
ugi,6
ugs,6
uiu,6
unj,6
uno,6
upa,6
vib,6
wab,6
wie,6
wnw,6
wte,6
wth,6
xat,6
xix,6
yan,6
ycr,6
yde,6
yhe,6
yla,6
yly,6
ymb,6
yok,6
yph,6
ypo,6
zie,6
zon,6
adb,5
alv,5
aml,5
aol,5
aow,5
aty,5
axi,5
bek,5
bub,5
coh,5
cyl,5
dbi,5
dbo,5
dcu,5
dov,5
eka,5
eog,5
esy,5
etf,5
fem,5
fox,5
fth,5
fwa,5
gao,5
ggy,5
gib,5
hub,5
ieg,5
igs,5
imy,5
irn,5
isr,5
jad,5
jog,5
juv,5
kim,5
knu,5
kti,5
lax,5
ldh,5
lfw,5
lgi,5
liu,5
lri,5
ltz,5
lys,5
mao,5
mef,5
mfu,5
mop,5
mro,5
mug,5
ndc,5
niq,5
niu,5
nkh,5
nla,5
nnu,5
nwi,5
nya,5
nyi,5
nze,5
nzi,5
oap,5
odm,5
ohe,5
onq,5
onz,5
otb,5
ozi,5
pne,5
pts,5
pyi,5
rbr,5
rpi,5
ryo,5
sgi,5
sot,5
sow,5
sre,5
syr,5
toy,5
uft,5
unq,5
uor,5
upu,5
utf,5
uve,5
vok,5
wac,5
wap,5
wiz,5
wlu,5
wso,5
xal,5
xec,5
xen,5
xtu,5
ybr,5
yca,5
yis,5
ysh,5
zat,5
zea,5
zer,5
zip,5
zze,5
abd,4
ael,4
afl,4
afo,4
aha,4
anf,4
apu,4
aub,4
axo,4
azz,4
bau,4
bcd,4
bie,4
btr,4
cdi,4
cdo,4
chf,4
chk,4
chs,4
chy,4
cii,4
ckg,4
ckr,4
cod,4
cso,4
cui,4
dca,4
dda,4
dei,4
dfo,4
dik,4
dmo,4
dop,4
dqu,4
dsi,4
dys,4
ebc,4
eea,4
eic,4
enf,4
epn,4
esb,4
ewr,4
exo,4
fab,4
fag,4
ffu,4
foi,4
gef,4
ghf,4
gob,4
hae,4
hbu,4
hfa,4
hki,4
iac,4
iah,4
iba,4
idy,4
ipf,4
irw,4
isw,4
isy,4
ixi,4
ixo,4
joa,4
ksi,4
ksm,4
ksv,4
lca,4
lel,4
llf,4
lpr,4
lux,4
lyr,4
mab,4
maw,4
mge,4
mnl,4
mns,4
msi,4
msk,4
msy,4
myc,4
nad,4
ngn,4
nib,4
nlu,4
nma,4
nns,4
npi,4
odw,4
oei,4
ofr,4
oga,4
oha,4
onm,4
onr,4
ooe,4
owy,4
pav,4
pep,4
pfu,4
pov,4
pox,4
rbs,4
rdr,4
rky,4
rnb,4
rox,4
rph,4
sax,4
sbr,4
sby,4
sms,4
ssw,4
taw,4
tba,4
tbr,4
tof,4
tzw,4
ubu,4
ulf,4
uph,4
upy,4
utb,4
utw,4
uxu,4
veh,4
vmd,4
wbo,4
wdy,4
wma,4
wov,4
wru,4
wsl,4
wsu,4
xag,4
xto,4
xur,4
ylo,4
yow,4
zil,4
zli,4
zwa,4
abh,3
acs,3
adh,3
adq,3
agh,3
akl,3
alb,3
amt,3
anh,3
anv,3
aqu,3
asb,3
atn,3
awg,3
awm,3
aya,3
baf,3
bam,3
bap,3
bho,3
bio,3
bom,3
btf,3
byr,3
byt,3
cag,3
cay,3
chb,3
chc,3
cht,3
cib,3
ckc,3
ckm,3
coe,3
ctf,3
ctn,3
deq,3
dez,3
dix,3
diz,3
dju,3
dmu,3
dpo,3
dud,3
ebu,3
edc,3
edf,3
edm,3
egn,3
ehu,3
ekl,3
eky,3
eml,3
erj,3
eun,3
ewc,3
ewy,3
exq,3
eyh,3
ezv,3
feb,3
foa,3
foc,3
fop,3
fos,3
fow,3
fud,3
gac,3
ghn,3
ghy,3
gmi,3
gub,3
gwi,3
hcr,3
hst,3
hta,3
htm,3
huz,3
igm,3
igr,3
ilw,3
imf,3
imh,3
iog,3
irp,3
iru,3
isj,3
jar,3
jay,3
jui,3
kag,3
kal,3
kbo,3
kcl,3
kgu,3
kiv,3
kry,3
kse,3
ksh,3
ksk,3
ksp,3
laf,3
lgr,3
lha,3
lob,3
lpa,3
lpt,3
lsy,3
lui,3
luk,3
maf,3
mcd,3
mfi,3
mfn,3
mhi,3
mia,3
miz,3
mpk,3
mre,3
mue,3
muz,3
nbo,3
ncu,3
nep,3
nez,3
nhu,3
nlm,3
nmi,3
nof,3
nop,3
nsy,3
nwe,3
oem,3
oir,3
olf,3
onu,3
otp,3
otr,3
ova,3
oxy,3
oyh,3
pef,3
phs,3
pry,3
quy,3
rdw,3
rgr,3
rhu,3
rhy,3
rix,3
rlt,3
rnp,3
rnu,3
rpa,3
rsc,3
rsm,3
rtg,3
rua,3
rur,3
rya,3
sdo,3
seu,3
stc,3
tbu,3
tcr,3
tdo,3
tet,3
tga,3
thm,3
tnu,3
tpa,3
tsh,3
tsp,3
tsy,3
tya,3
tze,3
uac,3
uas,3
ubr,3
ufa,3
ulm,3
utd,3
uyi,3
uys,3
vap,3
wge,3
wki,3
wmi,3
wus,3
xho,3
xli,3
xor,3
xpi,3
xqu,3
xys,3
yab,3
yac,3
yei,3
ygo,3
ysm,3
yss,3
yte,3
zur,3
zvo,3
zza,3
abj,2
acp,2
adc,2
agw,2
aja,2
aln,2
amf,2
anr,2
anz,2
atb,2
aup,2
ayf,2
aza,2
azo,2
bbu,2
bez,2
bia,2
biz,2
bno,2
bsi,2
bwe,2
byg,2
bym,2
chn,2
cic,2
cne,2
coz,2
cph,2
csi,2
cvm,2
cyp,2
dcl,2
dfi,2
diw,2
dpa,2
dpe,2
dsp,2
dsw,2
dub,2
dwr,2
dye,2
edp,2
eeh,2
egy,2
eip,2
enm,2
esv,2
etm,2
evr,2
evy,2
ewl,2
eyc,2
fay,2
ftn,2
gbo,2
ggo,2
gip,2
giu,2
gog,2
gse,2
gyr,2
heb,2
heu,2
hhe,2
hik,2
hmi,2
hmo,2
hni,2
hns,2
hnu,2
htc,2
hth,2
hwe,2
hya,2
hyl,2
hyr,2
icc,2
icr,2
idw,2
ifa,2
igy,2
ika,2
ilh,2
imu,2
irg,2
isv,2
itr,2
iwo,2
izu,2
jau,2
jed,2
jem,2
jeo,2
jet,2
jib,2
jif,2
jow,2
kad,2
kat,2
kba,2
kbe,2
kha,2
kor,2
kra,2
ksb,2
kth,2
kwo,2
ldf,2
ldw,2
ldy,2
lga,2
lka,2
lld,2
llt,2
lnu,2
loe,2
lol,2
lsa,2
lsc,2
ltl,2
ltu,2
luv,2
lva,2
lya,2
mci,2
mrc,2
mte,2
mth,2
nbr,2
ndp,2
ngb,2
nhi,2
nik,2
nja,2
nog,2
npa,2
ntn,2
nwr,2
nym,2
oav,2
obw,2
oda,2
odb,2
oef,2
ofu,2
olb,2
olg,2
ooh,2
ooy,2
otw,2
oue,2
ouf,2
owz,2
oxi,2
pae,2
pak,2
pam,2
pbr,2
peb,2
pmo,2
pod,2
psi,2
qus,2
rcn,2
rcr,2
rct,2
rjo,2
rmp,2
rmt,2
roh,2
rsl,2
rtb,2
ruo,2
rvy,2
rwe,2
sej,2
shf,2
shw,2
sjo,2
soj,2
sps,2
ssb,2
ssh,2
stp,2
syn,2
thh,2
tsc,2
tsk,2
ttm,2
tts,2
tye,2
uaw,2
ucv,2
udo,2
uiz,2
ulu,2
uva,2
uye,2
vau,2
vee,2
von,2
vox,2
vro,2
vyi,2
waf,2
wba,2
wbr,2
wco,2
wda,2
wdi,2
wds,2
weg,2
wke,2
wld,2
wlo,2
wnf,2
wrl,2
wse,2
wut,2
xot,2
yir,2
ymm,2
ymo,2
ynd,2
ypr,2
ypt,2
zab,2
zah,2
zor,2
zyi,2
abm,1
abt,1
adp,1
adz,1
aea,1
aed,1
aem,1
aes,1
aev,1
afg,1
afs,1
afy,1
aho,1
aic,1
aif,1
aiv,1
aiz,1
amd,1
anb,1
apb,1
apd,1
apk,1
auz,1
axl,1
ayw,1
azb,1
azu,1
bej,1
bev,1
bif,1
bld,1
bma,1
bme,1
boc,1
bof,1
bok,1
bsj,1
bti,1
btu,1
buk,1
bux,1
byw,1
cae,1
cch,1
ccl,1
ccy,1
ckd,1
ckk,1
ckq,1
coy,1
csp,1
cyd,1
cyn,1
dbl,1
dbr,1
dch,1
ddo,1
dho,1
dja,1
dje,1
djo,1
dki,1
dos,1
dox,1
dsl,1
dti,1
dui,1
duo,1
dvo,1
dya,1
dyc,1
dyg,1
dzo,1
ecd,1
edq,1
edt,1
edw,1
eew,1
efy,1
egd,1
eju,1
elg,1
emt,1
enk,1
eol,1
erq,1
esw,1
euv,1
ewb,1
ewp,1
ezi,1
ezn,1
ezy,1
faw,1
fbo,1
ffb,1
fft,1
fgh,1
fib,1
fne,1
fom,1
fot,1
fsc,1
fsd,1
fst,1
ftt,1
ftu,1
gby,1
gde,1
gfu,1
glu,1
gnm,1
gnt,1
gnu,1
gud,1
guf,1
gyp,1
gyw,1
hbe,1
hca,1
hda,1
hek,1
hho,1
hla,1
hpa,1
hpi,1
hsh,1
hto,1
htt,1
hup,1
hwh,1
hyd,1
hyt,1
iae,1
ibn,1
iez,1
ifs,1
ilj,1
iln,1
ilr,1
imc,1
imt,1
inb,1
iop,1
ipu,1
ipy,1
irb,1
itf,1
ivu,1
ixp,1
jag,1
jah,1
jap,1
jig,1
jil,1
jot,1
kax,1
kaz,1
kdo,1
kef,1
keg,1
kev,1
kgr,1
kho,1
kkn,1
klo,1
kme,1
koo,1
kpe,1
kqb,1
kre,1
kri,1
kru,1
ksa,1
ksc,1
ksg,1
kst,1
ksu,1
kun,1
kur,1
kwe,1
kwi,1
lah,1
lal,1
lba,1
lcl,1
ldc,1
ldg,1
leu,1
lfe,1
lfl,1
lfo,1
lfs,1
lii,1
ljy,1
llb,1
llh,1
lmn,1
lmy,1
lni,1
loj,1
lro,1
lru,1
luj,1
lup,1
lvi,1
lwu,1
lyc,1
lyt,1
mah,1
max,1
mbn,1
mcl,1
mcr,1
mcs,1
mde,1
meu,1
mfe,1
mif,1
mim,1
mlo,1
mpb,1
mpd,1
mpn,1
msd,1
mss,1
mti,1
myt,1
nae,1
naf,1
nbi,1
nbs,1
nck,1
neb,1
neu,1
ngf,1
nid,1
nir,1
njm,1
nkm,1
nko,1
nkr,1
nky,1
nnk,1
npe,1
nru,1
ntp,1
nub,1
nup,1
nuw,1
nza,1
obd,1
obn,1
obu,1
och,1
odk,1
odt,1
oer,1
oeu,1
ogm,1
ogw,1
oie,1
oig,1
ojo,1
okt,1
okw,1
olc,1
omn,1
ooa,1
oog,1
oov,1
ooz,1
oqw,1
osb,1
osq,1
osy,1
otg,1
otn,1
otu,1
oum,1
ouq,1
owp,1
oxh,1
oxo,1
pah,1
pba,1
pde,1
pdo,1
phl,1
phu,1
pia,1
piv,1
pma,1
poa,1
pph,1
psh,1
psy,1
pyg,1
qan,1
qbe,1
qwh,1
qwi,1
rby,1
rdb,1
rfs,1
rje,1
rkp,1
rmf,1
rmn,1
rnd,1
rnw,1
rny,1
roq,1
rpn,1
rpu,1
rqa,1
rqi,1
rrr,1
rrs,1
rsk,1
rsq,1
rsw,1
rsy,1
rtc,1
rtf,1
rwr,1
ryd,1
ryg,1
ryp,1
scs,1
sdr,1
sdw,1
sfe,1
sgo,1
shb,1
shh,1
shp,1
sju,1
skr,1
sro,1
ssg,1
ssm,1
ssp,1
ssr,1
sst,1
sth,1
sut,1
syb,1
syi,1
syl,1
tad,1
tbi,1
tbo,1
tcl,1
teg,1
tei,1
tgu,1
thb,1
thc,1
thn,1
thp,1
tpe,1
tpo,1
tpr,1
tsu,1
ttn,1
tuk,1
twy,1
tyw,1
uah,1
ucr,1
ucu,1
udb,1
udc,1
udu,1
ueb,1
uej,1
uez,1
ugb,1
uix,1
uja,1
ulc,1
ulr,1
ulw,1
uml,1
umt,1
uny,1
uon,1
uos,1
uqu,1
urq,1
uvr,1
uwy,1
uxo,1
uze,1
vec,1
veg,1
vep,1
viz,1
vog,1
voo,1
vos,1
vre,1
wau,1
waw,1
wca,1
wdl,1
wdr,1
wfi,1
wky,1
wnh,1
wnj,1
wnl,1
wob,1
wof,1
wpa,1
wpo,1
wsa,1
wsk,1
wys,1
wzl,1
wzy,1
xib,1
xil,1
xim,1
xol,1
xom,1
xth,1
yam,1
yas,1
yce,1
ych,1
ycu,1
yda,1
ydi,1
yev,1
yey,1
yfa,1
yfl,1
ygl,1
ygu,1
ylv,1
yni,1
ynn,1
yro,1
ysw,1
ywn,1
yzi,1
zas,1
zbe,1
zeb,1
zep,1
zly,1
zzy,1
